-- phpMyAdmin SQL Dump
-- version 5.2.1
-- https://www.phpmyadmin.net/
--
-- Host: 127.0.0.1
-- Generation Time: Oct 15, 2025 at 02:30 PM
-- Server version: 10.4.32-MariaDB
-- PHP Version: 8.2.12

SET SQL_MODE = "NO_AUTO_VALUE_ON_ZERO";
START TRANSACTION;
SET time_zone = "+00:00";


/*!40101 SET @OLD_CHARACTER_SET_CLIENT=@@CHARACTER_SET_CLIENT */;
/*!40101 SET @OLD_CHARACTER_SET_RESULTS=@@CHARACTER_SET_RESULTS */;
/*!40101 SET @OLD_COLLATION_CONNECTION=@@COLLATION_CONNECTION */;
/*!40101 SET NAMES utf8mb4 */;

--
-- Database: `maetaeng_tourism`
--

-- --------------------------------------------------------

--
-- Table structure for table `admins`
--

CREATE TABLE `admins` (
  `id` int(11) NOT NULL,
  `name` varchar(255) NOT NULL,
  `email` varchar(255) NOT NULL,
  `password` varchar(255) NOT NULL,
  `profile_pic` varchar(255) DEFAULT NULL,
  `bio` text DEFAULT NULL
) ENGINE=InnoDB DEFAULT CHARSET=utf8mb4 COLLATE=utf8mb4_general_ci;

--
-- Dumping data for table `admins`
--

INSERT INTO `admins` (`id`, `name`, `email`, `password`, `profile_pic`, `bio`) VALUES
(1, 'admin', 'admin@example.com', '$2y$10$2Zdg1b9nwiE77pI7yu.KZee7RBYyWZyu.Lm2oLv2oy0PDymlnuLsu', 'admin/uploads/68e236403a1fc-1758187650931.jpg', 'ผู้ดูแลระบบหลักของเว็บไซต์');

-- --------------------------------------------------------

--
-- Table structure for table `category`
--

CREATE TABLE `category` (
  `id` int(11) NOT NULL,
  `name` varchar(50) NOT NULL,
  `color` varchar(7) DEFAULT '#3b82f6'
) ENGINE=InnoDB DEFAULT CHARSET=utf8mb4 COLLATE=utf8mb4_unicode_ci;

--
-- Dumping data for table `category`
--

INSERT INTO `category` (`id`, `name`, `color`) VALUES
(1, 'วัด', '#3b82f6'),
(2, 'ธรรมชาติ', '#3b82f6'),
(3, 'กิจกรรม', '#3b82f6'),
(4, 'แหล่งท่องเที่ยว', '#3b82f6'),
(5, 'จุดชมวิว', '#3b82f6');

-- --------------------------------------------------------

--
-- Table structure for table `comment`
--

CREATE TABLE `comment` (
  `commentID` int(11) NOT NULL,
  `location_id` int(11) NOT NULL,
  `userID` int(11) NOT NULL,
  `commentText` text NOT NULL,
  `commentDate` date NOT NULL,
  `status` enum('pending','approved','rejected') DEFAULT 'pending',
  `created_at` timestamp NOT NULL DEFAULT current_timestamp(),
  `updated_at` timestamp NOT NULL DEFAULT current_timestamp() ON UPDATE current_timestamp()
) ENGINE=InnoDB DEFAULT CHARSET=utf8mb4 COLLATE=utf8mb4_general_ci;

--
-- Dumping data for table `comment`
--

INSERT INTO `comment` (`commentID`, `location_id`, `userID`, `commentText`, `commentDate`, `status`, `created_at`, `updated_at`) VALUES
(1, 1, 1, 'ดีมาก\r\n', '2025-09-10', 'pending', '2025-09-27 17:05:11', '2025-09-27 17:05:11'),
(5, 1, 1, 'สวย', '2025-09-11', 'pending', '2025-09-27 17:05:11', '2025-09-27 17:05:11'),
(13, 1, 1, 'ดีมาก', '2025-09-11', 'pending', '2025-09-27 17:05:11', '2025-09-27 17:05:11'),
(25, 3, 1, 'ดี', '2025-09-12', 'pending', '2025-09-27 17:05:11', '2025-09-27 17:05:11'),
(26, 3, 1, 'สวย', '2025-09-24', 'pending', '2025-09-27 17:05:11', '2025-09-27 17:05:11'),
(27, 2, 1, 'ไปมาแล้ว', '2025-09-24', 'pending', '2025-09-27 17:05:11', '2025-09-27 17:05:11'),
(28, 2, 2, 'สวยมาก', '2025-09-24', 'pending', '2025-09-27 17:05:11', '2025-09-27 17:05:11'),
(29, 1, 3, 'สวยมาก', '2025-09-24', 'pending', '2025-09-27 17:05:11', '2025-09-27 17:05:11'),
(30, 3, 3, 'สวยมาก', '2025-09-24', 'pending', '2025-09-27 17:05:11', '2025-09-27 17:05:11'),
(31, 1, 2, 'สวยมาก', '2025-09-28', 'pending', '2025-09-28 09:19:47', '2025-09-28 09:19:47'),
(32, 1, 2, '', '2025-09-28', 'pending', '2025-09-28 09:22:16', '2025-09-28 09:22:16'),
(33, 2, 2, '', '2025-09-28', 'pending', '2025-09-28 09:26:30', '2025-09-28 09:26:30'),
(34, 1, 2, 'สวยมาก', '2025-10-04', 'pending', '2025-10-04 20:14:23', '2025-10-04 20:14:23'),
(35, 5, 2, 'สวย', '2025-10-04', 'pending', '2025-10-04 20:59:05', '2025-10-04 20:59:05'),
(36, 10, 2, 'สงบดี', '2025-10-05', 'pending', '2025-10-05 07:13:03', '2025-10-05 07:13:03'),
(37, 4, 2, 'สนุกมาก', '2025-10-05', 'pending', '2025-10-05 08:10:40', '2025-10-05 08:10:40');

-- --------------------------------------------------------

--
-- Table structure for table `location1`
--

CREATE TABLE `location1` (
  `id` int(11) NOT NULL,
  `name` varchar(255) NOT NULL,
  `description` text DEFAULT NULL,
  `description_short` varchar(255) DEFAULT NULL,
  `category_id` int(11) NOT NULL,
  `video_url` varchar(255) DEFAULT NULL,
  `latitude` decimal(10,8) DEFAULT NULL,
  `longitude` decimal(11,8) DEFAULT NULL,
  `image_url` varchar(255) DEFAULT NULL,
  `cached_rating` decimal(3,2) DEFAULT 0.00,
  `total_ratings` int(11) DEFAULT 0,
  `status` enum('active','inactive') DEFAULT 'active'
) ENGINE=InnoDB DEFAULT CHARSET=utf8mb4 COLLATE=utf8mb4_general_ci;

--
-- Dumping data for table `location1`
--

INSERT INTO `location1` (`id`, `name`, `description`, `description_short`, `category_id`, `video_url`, `latitude`, `longitude`, `image_url`, `cached_rating`, `total_ratings`, `status`) VALUES
(1, 'อุทยานแห่งชาติน้ำตกบัวตอง-น้ำพุเจ็ดสี', 'ช่วงนี้อากาศกำลังดี จึงขอพาไปชมธรรมชาติที่สวยงาม น้ำตกบัวตอง เป็นน้ำตกที่สวยงาม มีความสูงประมาณ 100 เมตร มีด้วยกัน 2 ชั้น  ลักษณะน้ำตกก็จะมีแคลเซียมคาร์บอเนต ไหลผ่านมาเป็นเวลานานๆ จึงทำให้น้ำตกถูกเคลือบเป็นธารหินปูนแข็ง  และสามารถเดินหรือปืนป่ายไปบนตัวน้ำตกได้อย่างสนุกสนานโดยไม่ลื่น และหินปูนที่เคลือบอยู่นี้ยังทำให้น้ำตกดูสวยงามน่าชมยิ่งนัก\r\n\r\nน้ำพุเจ็ดสี เป็นบ่อน้ำพุเย็น มีน้ำไหลพุ่งออกจากใต้ดินตลอดปี น้ำใส เป็นประกายสีรุ้งเมื่อกระทบแสงอาทิตย์เป็นแหล่งกำเนิดต้นน้ำที่ทำให้เกิดน้ำตกบัวตอง\r\n\r\nบริเวณน้ำตกบัวตองและน้ำพุเจ็ดสี ลักษณะทั่วไป มีสภาพป่าสมบูรณ์และร่มรื่น มีต้นไม้ขนาดใหญ่ขึ้นอยู่หนาแน่นเป็นป่าดิบชื้นและป่าเบญจพรรณ มีจุดชมวิวที่สวยงาม เหมาะสำหรับครอบครัวที่ต้องการพักผ่อนแบบธรรมชาติสบายๆ มีพื้นที่สำหรับปิกนิกอีกด้วย  ไม่มีค่าเข้าชม เปิดทุกวันเวลา  8.00-17.00 น.\r\n\r\nการเดินทางไปวนอุทยานน้ำตกบัวตองและน้ำพุเจ็ด ตามถนนสายเชียงใหม่ - อำเภอพร้าว ตรงหลักกิโลเมตรที่ 48 - 49 ก็จะมีทางแยกขวามือเข้าไปวนอุทยาน อีกประมาณ 2.6 กิโลเมตร ก็จะมีทางเลี้ยวขวาเข้าวนอุทยานน้ำตกบัวตองและน้ำพุเจ็ดสี', NULL, 2, 'https://www.youtube.com/watch?v=_pPcKcOR9AU', 19.07019208, 99.07957792, 'https://trueid-slsapp-storage-prod.s3-ap-southeast-1.amazonaws.com/partner_files/trueidintrend/143794/%E0%B8%9A%E0%B8%B1%E0%B8%A7%E0%B8%95%E0%B8%AD%E0%B8%87%2010-6-62_%E0%B9%91%E0%B9%99%E0%B9%90%E0%B9%96%E0%B9%91%E0%B9%96_0012.jpg', 0.00, 0, 'active'),
(2, 'วัดเด่นสะหลีศรีเมืองแก่น', '“วัดเด่นสะหลีศรีเมืองแกน” หรือ “วัดบ้านเด่น” ต.อินทขิล อ.แม่แตง จ.เชียงใหม่ สร้างเมื่อ พ.ศ.2437 ตั้งเด่นบนเนิน ภายใต้เนินเป็นถ้ำศักดิ์สิทธิ์ที่ชาวบ้านนับถือ ในอดีตเป็นเพียงวัดเล็กๆ ในหมู่บ้านเท่านั้น ต่อมาเมื่อเมื่อ “ครูบาเจ้าเทือง นาถสีโล” มาจำพรรษาที่วัดบ้านเด่น ด้วยความที่ครูบาเจ้าเทือง เป็นพระที่มีปฏิปทาจึงได้รับความเลื่อมใสศรัทธาจากศิษยานุศิษย์ที่มีมากมาย ส่งผลให้ยอดถวายปัจจัยมากมาย และด้วยความศรัทธาในพระพุทธศาสนา ครูบาเจ้าเทืองก็ไม่ต้องการจะเก็บปัจจัยไว้ ประกอบกับมีความตั้งใจที่จะสร้างอนุสรณ์สถานแห่งบุญขึ้นมาเป็นรูปธรรม จึงเป็นที่มาของการบูรณะวัดขึ้นมาใหม่ ในปี พ.ศ.2534 ซึ่งครูบาเจ้าเทืองท่านตั้งใจทำให้วัดเป็นศาสนสถานที่ยึดเหนี่ยวจิตใจที่งดงาม แฝงด้วยคติธรรม เป็นอุบายในการดึงคนเข้าวัดเพื่อการขัดเกลาจิตใจ ให้เป็นสถานที่พักผ่อนทางจิตใจมากกว่าการประกอบพิธีกรรมทางศาสนา ค่อยๆ ซึมซับคำสอนของพระพุทธศาสดาพร้อมไปกับการเที่ยวชมพุทธสถานแห่งนี้\r\n\r\nลักษณะสถาปัตยกรรมภายในวัดเป็นสถาปัตยกรรมแบบไทยล้านนาประยุกต์ ที่ผสมผสานโดยแนวคิดของครูบาเจ้าเทือง คือคิดจะใส่อะไรจะทำอะไรก็ทำ แต่ต้องมีความมั่นคง และเป็นการผสมผสานระหว่างวัดบ้านกับวัดป่า เพราะมีความเชื่อว่าศาสนาอยู่ได้ด้วยการปฏิบัติ การแบ่งแยกจึงไม่ใช่เรื่องสำคัญ ยึดหลักการสร้างตามบุญเป็นตั้งมั่น และด้วยการสร้างตามบุญนั้น จึงทำให้วัดมีความวิจิตรงดงาม ตระการตา ยิ่งใหญ่สมกับแรงศรัทธาของพุทธศาสนิกชน ถูกถ่ายทอดออกมาผ่านสิ่งปลูกสร้างต่าง ๆ ได้เป็นอย่างดี เป็นวัดที่ได้รับการยกย่องจากนักท่องเที่ยวว่าเป็นวัดอันดับ 1 ของจังหวัดเชียงใหม่\r\n\r\nการเดินทาง : ใช้เส้นทางเดียวกับเขื่อนแม่งัด ซึ่งอยู่ในเส้นทางท่องเที่ยวเชียงใหม่-สะเมิง หรือเชียงใหม่-ฝาง ขับรถไปตามทางหลวงหมายเลข 107 ผ่านแยกแม่มาลัย ไปถึงอำเภอแม่แตง เลี้ยวขวาทางไปเขื่อนแม่งัดสมบูรณ์ชล ขับตรงไปเรื่อย ๆ จะผ่านซุ้มเทศบาลเมืองแกน เมื่อถึงสนามกีฬา เลยไปไม่ไกลจะเห็นป้ายวัดบ้านเด่นอยู่ทางซ้าย เลี้ยวไปตามทางอีกประมาณ 1 กิโลเมตร ก็จะถึงวัดบ้านเด่นสะหลีศรีเมืองแกน ที่นี่อยู่ห่างจากตัวเมืองเชียงใหม่ 30 กิโลเมตร\r\n\r\nhttps://www.facebook.com/watbanden/\r\n\r\n', NULL, 1, 'https://www.youtube.com/watch?v=_pPcKcOR9AU', 19.15796373, 98.97846284, 'https://img-prod.api-onscene.com/cdn-cgi/image/format=auto,width=3200/https://sls-prod.api-onscene.com/partner_files/trueidintrend/329419/cover_image/%E0%B8%9B%E0%B8%81%201_2.jpg', 0.00, 0, 'active'),
(3, 'เขื่อนแม่งัดสมบรูณ์ชล', '    จากเหตุอุทกภัยครั้งใหญ่เมื่อปี พ.ศ. 2516 ที่ตำบลอินทขิล และตำบลช่อแล จ.เชียงใหม่ จึงได้มีพระราชดำริของพระบาทสมเด็จพระบรมชนกาธิเบศร มหาภูมิพลอดุลยเดชมหาราช บรมนาถบพิตร ให้มีการก่อสร้าง “เขื่อนแม่งัดสมบูรณ์ชล” เพื่ออำนวยประโยชน์ด้านการชลประทานแก่ราษฎรในพื้นที่ อีกทั้งยังสามารถช่วยบรรเทาอุทกภัยแก่พื้นที่เพาะปลูกท้ายอ่างเก็บน้ำ ตลอดจนนำมาใช้ผลิตไฟฟ้าได้\r\n\r\n          เขื่อนแม่งัดสมบูรณ์ชล เป็นโครงการพัฒนาแหล่งน้ำอเนกประสงค์ที่สำคัญอีกแห่งหนึ่งในภาคเหนือ หนึ่งในโครงการพระราชดำริ ที่เกิดจากความร่วมมือระหว่างการไฟฟ้าฝ่ายผลิตแห่งประเทศไทย (กฟผ.) กับกรมชลประทาน โดยกรมชลประทานรับผิดชอบในการสร้างเขื่อนและอาคารประกอบต่างๆ ส่วน กฟผ. รับผิดชอบโรงไฟฟ้าและระบบส่งไฟฟ้า เริ่มก่อสร้างเมื่อปี พ.ศ. 2520 โดยกรมชลประทานก่อสร้างตัวเขื่อนแล้วเสร็จเมื่อปี พ.ศ. 2527\r\n         ต่อมา กฟผ. ได้เข้ามาดำเนินการก่อสร้างโรงไฟฟ้าพลังน้ำ ในปี พ.ศ. 2526 แล้วเสร็จในปี พ.ศ. 2528 พระบาทสมเด็จพระบรมชนกาธิเบศร มหาภูมิพลอดุลยเดชมหาราช บรมนาถบพิตร ได้ทรงพระกรุณาโปรดเกล้าฯ พระราชทานนามเขื่อนว่า “เขื่อนแม่งัดสมบูรณ์ชล” เมื่อวันที่ 16 มกราคม พ.ศ. 2529 และเสด็จพระราชดำเนินทรงประกอบพิธีเปิดเขื่อน เมื่อวันที่ 22 กุมภาพันธ์ พ.ศ. 2529 ปัจจุบันมีขนาดกำลังผลิตตามสัญญา 9 เมกะวัตต์', NULL, 2, 'https://youtu.be/qSKK5UUUDqY?si=0inXsrs3SNFt-Z-k', 19.17441584, 99.03068561, 'https://www.egat.co.th/home/wp-content/uploads/2021/04/10682341_800130466676625_2195851740691855984_o.jpg', 0.00, 0, 'active'),
(4, 'ปางช้างแม่แตง', 'ปางช้างแม่แตง ชมการแสดงช้าง ขี่ช้าง นั่งเกวียน ล่องแพ เชียงใหม่\r\nชมการแสดงของช้างที่ถูกฝึกมาเป็นจำนวนมาก เริ่มแสดงรอบเช้า 9.30 น. ไปจนถึงช่วงบ่าย ชมการแสดงความสามารถและความน่ารัก เช่น ช้างเตะฟุตบอล ช้างวาดรูป การแสดงสาธิตของช้างงาน ช้างเล่นดนตรี ช้างออกกำลังกาย ที่ปางช้างแม่แตงมีนักท่องเที่ยวมาชมช้างกัน\r\nเมื่อชมการแสดงจบแล้วยังมีกิจกรรมให้ทำหลากหลายอย่างเช่น ให้อาหารช้าง ถ่ายรูปกับช้าง ขี่ช้างเข้าป่า พาไปวนที่หมู่บ้านชาวเขาเผ่าลีซอ หรือจะล่องแพไม้ไผ่ชมวิวทิวทัศน์ของลำน้ำแม่แตง นั่งเกวียนเทียม สัมผัสวิถีชีวิตไทยโบราณ ใกล้ชิดธรรมชาติและทุ่งนา แห่งเดียวที่เชียงใหม่\r\nลักษณะเด่นของปางช้าง นักท่องเที่ยวจะได้ชมวิถีชีวิตช้างในปางช้าง ชมการแสดงของเหล่าช้างน่ารัก ให้อาหารช้าง รวมถึงการนั่งช้างชมทัศนียภาพของป่า นั่งวัวเทียมเกวียนและนั่งแพไม้ไผ่เพื่อชมทิวทัศน์ของลำน้ำแม่แตง\r\nการแสดงของช้าง นั่งช้าง นั่งเกวียนชมธรรมชาติ ล่องแพแม่น้ำแม่แตง ในจังหวัดเชียงใหม่ มีปางช้างหลายแห่ง ซึ่งมีกิจกรรมที่น่าสนใจมากมาย เริ่มต้นด้วยการอาบน้ำให้ช้างในลำห้วยชะล้างสิ่งสกปรกออก และเพื่อให้ช้างสนุกสนานเพลิดเพลินในการที่ได้ลงไปแช่ในน้ำ เมื่ออาบน้ำเสร็จแล้ว ควาญจะนำช้างไปใส่เครื่องลากจูงไว้บนหลัง เพื่อลากซุงซึ่งอยู่ในป่ามาแสดงให้ชมด้วยวิธีการต่างๆ โดยจัดแสดงทุกวันในช่วงเช้า เวลาประมาณ 09.40 - 10.30 น. นอกจากนั้นยังมีกิจกรรมขี่ช้างและล่องแพตามความต้องการของนักท่องเที่ยว\r\n\r\n\r\nเมื่อชมการแสดงจบแล้วยังมีกิจกรรมให้ทำหลากหลายอย่างเช่น ให้อาหารช้าง ถ่ายรูปกับช้าง ขี่ช้างเข้าป่าพาไปวนที่หมู่บ้านชาวเขาเผ่าลีซอ หรือจะล่องแพไม้ไผ่ชมวิวทิวทัศน์ของลำน้ำแม่แตง นั่งเกวียนเทียม สัมผัสวิถีชีวิตไทยโบราณ ใกล้ชิดธรรมชาติและทุ่งนา แห่งเดียวที่เชียงใหม่\r\nการเดินทาง\r\n\r\nจากตัวเมืองจังหวัดเชียงใหม่ มาได้สองเส้นทาง\r\n\r\nโดยเส้นทางแรกใช้เส้นหลัก ทางหลวงหมายเลข 107 (เชียงใหม่– ฝาง) เลี้ยวซ้ายเข้าทางแยกไปอำเภอปาย (ทางหมายเลข 1095) ที่สามแยกตลาดสดแม่มาลัย อำเภอแม่แตง ขับตรงไปราว4 กิโลเมตร หรือใช้เส้นทางเลี่ยงบ้านแม่มาลัย โดยเล้ยวซ้ายที่ทางแยกปั้มน้ำมันบางจาก ไปยังอำเภอปาย ( ทางหมายเลข 1095 เช่นกัน) แล้วจากนั้นจึงเลี้ยวขวาเข้าทางแยกเข้าบ้านปางไม้แดง – บ้านเมืองกื้ด หมู่ที่ 1 ตำบลกื้ดช้าง อำเภอแม่แตงระยะทางประมาณ 20 กิโลเมตร ก็จะถึงที่ทำการสำนักงานของปางช้างแม่แตงทัวร์\r\n\r\nเส้นทางที่สอง ขับตรงจากตัวเมืองเชียงใหม่โดยใช้ทางหลวงหมายเลข 107 เช่นเดียวกัน แต่ขับเลยที่ว่าการอำเภอแม่แตงตรงมาอีกประมาณ 4 กิโลเมตร จากนั้นให้เลี้ยวซ้ายเข้าทางแยกไปบ้านแม่ตะมาน – บ้านเมืองกื้ด ตำบลกื้ดช้าง อำเภอแม่แตง ซึ่งสามารถขับตรงมายังบ้านเมืองกื้ดได้เช่นเดียวกัน ระยะทางประมาณ 18 กิโลเมตร ', NULL, 3, NULL, 19.19844918, 98.88669057, NULL, 0.00, 0, 'active'),
(5, 'แดนเทวดา', 'แดนเทวดา ดินแดนแห่งทวยเทพ สวนดอกไม้ แม่แตง เชียงใหม่ ที่เที่ยวเชียงใหม่\r\nเชียงใหม่ จังหวัดยอดนิยมที่เต็มไปด้วยสถานที่ท่องเที่ยวทางธรรมชาติ และสถาปัตยกรรมเก่าแก่มากมาย มนต์เสน่ห์ของเมืองล้านนา ดึงดูดให้นักท่องเที่ยวหลั่งไหลมาเที่ยวกันอย่างล้นหลาม วันนี้จะพาเพื่อนๆ ไปเที่ยวสถานที่ที่ถูกเนรมิตขึ้นมาให้สวยงามตระการตา มีมุมถ่ายรูปเพียบเลย และที่นั่นก็คือ แดนเทวดา แม่แตง เชียงใหม่ ว่าแต่จะสวยงาม และมีมุมถ่ายรูปสวยๆมาแค่ไหนนั้นตามไปดูกันได้เลยครับ แดนเทวดา ดินแดนจุดเทพนิยาย ที่ถูกเนรมิตขึ้น ในพื้นที่ของ ตำบลสันมหาพล อำเภอแม่แตง จังหวัดเชียงใหม่ บัตรค่าเข้าคนละ 80 บาท แต่ขอบอกเลยว่าคุ้มค่ามากๆ เพราะว่าในแดนเทวดานั้น ถูกเนรมิตให้สวยงามมากๆ เต็มไปด้วยต้นไม้ ดอกไม้ และก็น้ำตก ยิ่งใหญ่ และสวยงามสุดๆ เลยครับบรรยากาศด้านใน เต็มไปด้วยต้นไม้ มีความร่มรื่น และสวยงามมากๆ ทั่วทั้งพื้นที่ถูกปกคลุมไปด้วยไอน้ำ เย็นสบายมากๆ เลยล่ะครับ ด้านในมีบริการอาหาร และเครื่องดื่ม รวมถึงตลาดนัดย่อมๆ ร้านขายอาหารเล็กๆ ร้านขายของฝากของที่ระลึก ให้เลือกซื้อติดป้ายติดมือกลับบ้านกันแดนเทวดา มีน้ำตกจำลองอยู่หลายจุดด้วยกัน แต่ละจุดก็มีความสวยงามแตกต่างกัน มีการจัดสวนตกแต่งสวนได้อย่างสวยงาม มีหมอกไอน้ำฟุ้งกระจายไปทั่วพื้นที่ สร้างบรรยากาศให้อารมณ์เหมือนเรากำลังอยู่ในดินแดนของทวยเทพจริงๆ แดนเทวดา มีสวนดอกไม้ขนาดใหญ่ ให้เดินเล่นถ่ายรูปสวยๆ กับทุ่งดอกไม้สวยงามมากๆ เลยครับ พื้นที่ข้างในกว้างขวางมากๆ สามารถเดินเล่นถ่ายรูป นั่งเล่นพักผ่อนชิลๆ ถ่ายรูปสวยๆ กับวิวสวยๆ บรรยากาศดีๆ รับรองว่าต้องแฮปปี้แน่ๆแทนเทวดา นอกจากต้นไม้ขนาดใหญ่ สวนดอกไม้สวยๆ น้ำตกสวยๆ ที่ถูกตกแต่งไว้ได้อย่างสวยงาม ในพื้นที่ยังมีสัตว์เลี้ยงน่ารัก ไม่ว่าจะเป็นน้องแกะ น้องกระต่าย สามารถให้อาหารเล่นกับสัตว์ได้อีกด้วยนะค่ะแดนเทวดา นับว่าเป็นดินแดนที่ถูกเนรมิตขึ้นได้อย่างสวยงามมากๆ เลยใช่ไหมล่ะครับ ส่วนตัวรู้สึกชอบและประทับใจบรรยากาศข้างในมากๆ เพราะเต็มไปด้วยต้นไม้ และดอกไม้สวยๆ แถมมีน้ำตกสวยๆ สร้างบรรยากาศอยู่หลายจุดด้วยกัน สามารถเดินเล่น ถ่ายรูปสวยๆ พักผ่อนได้ทั้งวันเลยนะ ใครที่ชอบบรรยากาศสวยๆ ของแดนเทวดา ถ้ามาเที่ยวเชียงใหม่ ก็ลองแวะมาเช็คอินกันนะครับ รับรองว่าเพื่อนๆจะต้องประทับใจกันอย่างแน่นอน', NULL, 4, NULL, 19.12916937, 98.94314313, NULL, 0.00, 0, 'active'),
(6, 'สวนสนแม่เเตง', '   เที่ยวเชียงใหม่ รอบนี้ ขอชวนไปเดินเล่นชิลๆ ที่ สวนสนแม่แตง ที่เที่ยวแม่แตง ที่ทั้งบรรยากาศดีและร่มรื่น เป็นจุดถ่ายรูปแสนมินิมอลที่ไม่ต้องมีองค์ประกอบอะไรมากมาย แค่ต้นสนสูงใหญ่ที่เรียงรายเป็นฉากหลังก็ทำให้ภาพออกมาดูสวยปังแล้ว เป็นอีกจุดเช็กอินที่ไม่ควรพลาดเมื่อมาเที่ยวแม่แตง\r\n12 ที่เที่ยวแม่แตง เที่ยวเชียงใหม่ เสน่ห์มากล้น ฟินไปกับธรรมชาติ35 ที่เที่ยวเชียงใหม่ ทริปไหนๆ ก็ต้องไม่พลาดไปเช็กอินสวนสนแม่แตง ที่เที่ยวเชียงใหม่สวนสนแม่แตง ที่เที่ยวถ่ายรูปสวย เชียงใหม่ทำความรู้จักกับ สวนสนแม่แตง\r\n      สวนสนแม่แตง หรือ สวนผลิตเมล็ดพันธ์สนสองใบ ตั้งอยู่ใน ตำบลอินทขิล อำเภอแม่แตง จังหวัดเชียงใหม่ ซึ่งอยู่ภายใต้ความดูแลของ สถานีวนวัฒนาวิจัยอินทรขิล ที่ดูแลอนุรักษ์พันธุ์ป่าไม้ โดยเฉพาะ ต้นสน ที่ตั้งเรียงรายเป็นจำนวนมากจนกลายเป็นป่าสนที่ค่อนข้างอุดมสมบูรณ์ แผ่กิ่งก้านออกใบสร้างความร่มรื่นได้เป็นอย่างดี\r\nสวนสนแม่แตง ที่เที่ยวเชียงใหม่\r\n     ด้วยโลเคชั่นที่อยู่ริมถนนเส้นทางเชียงใหม่ – ฝาง หรือทางหลวงหมายเลข 107 ซึ่งเป็นถนนเส้นหลักในการเดินทางไปยังอำเภอต่างๆ ในเชียงใหม่ ไม่ว่าจะเป็น อำเภอแม่ริม อำเภอแม่แตง อำเภอเชียงดาว และ อำเภอฝาง สวนสนแม่แตง จึงกลายเป็นจุดพักระหว่างทาง ที่นักท่องเที่ยวมักจะลงมาถ่ายรูปสวยๆ กับป่าสนแสนสวยแห่งนี้ไฮไลท์ สวนสนแม่แตงสวนสนแม่แตง ที่เที่ยวเชียงใหม่\r\n      ไฮไลท์ของสวนสนแม่แตงจะมีด้วยกัน 2 ช่วง ก็คือ ฤดูฝน และ ฤดูหนาว ค่ะ ในช่วงฤดูฝน บรรยากาศรอบด้านจะร่มรื่นมาก ทั้งต้นสนและพื้นหญ้าต่างก็มีสีเขียวขจี สดชื่นสบายตา ส่วนช่วงฤดูหนาว อาจจะไม่ได้มีความเขียวชอุ่มเท่ากับฤดูฝน แต่ก็ยังมีร่มเงาของใบสนให้ได้เห็น แถมอากาศยังเย็นสบาย สามารถเตรียมชุดสวยๆ มาถ่ายเหมือนอยู่เมืองหนาวได้เลย มองเผินๆ คิดว่าอยู่เมืองนอก สวนสนแม่แตง ที่เที่ยวเชียงใหม่\r\n      ภายในสวนจะมีมุมให้นั่งเล่น ทั้งบริเวณศาลาพักผ่อน และชิงช้าใต้ต้นสนให้ไปถ่ายรูป บรรยากาศรอบด้านจะเป็นลานกว้างพร้อมต้นสนเรียงราย แนะนำให้ไปถ่ายรูปตรงทางเดินกลางป่าสน รับรองว่าได้ภาพสวยปังไม่แพ้ใคร จะถ่ายรูปสวยๆ อัพลงโซเชียล หรือถ่ายรูปพรีเวดดิ้งก็ดีงามค่ะ ที่สำคัญคือสามารถพาสัตว์เลี้ยงมาเดินเล่นได้ด้วย เรียกว่าเป็นทางผ่านที่ควรแวะเช็กอินแห่งหนึ่งเลยล่ะ', NULL, 2, NULL, 19.15158029, 98.94838006, NULL, 0.00, 0, 'active'),
(7, 'น้ำตกหมอกฟ้า', ' สถานที่ที่เราจะพาทุกคนไปเช็คอินกันนั้น ขอบอกว่า ตอนนี้ถูกจัดให้เป็น น้ำตกสุดสวยในใจ ประจำ เชียงใหม่ ไปแล้วค่ะ เพราะมีทั้งความสูง ความสวย และ ความเป็นธรรมชาติแบบสุดๆ น้ำตกแห่งนี้ มีชื่อว่า น้ำตกหมอกฟ้า มาค่ะ \r\nลองขับรถตามเราไปยลโฉมความสวยงามของน้ำตกนี้ด้วยกันค่ะ\r\nน้ำตกหมอกฟ้า เชียงใหม่\r\nน้ำตกหมอกฟ้า กับ ม่านสายน้ำ กลางป่า ณ เชียงใหม่ \r\nที่เที่ยวธรรมชาติ อุทยานแห่งชาติดอยสุเทพ-ปุย\r\n     น้ำตกหมอกฟ้า ตั้งอยู่ที่บริเวณของ หน่วยพิทักษ์อุทยานแห่งชาติดอยสุเทพ-ปุย ตำบลสบเปิง อำเภอแม่แตง จังหวัดเชียงใหม่ เป็นน้ำตกที่มีชื่อเสียงและสูงเชียดฟ้าสุดๆ เพราะเป็นลักษณะของสายน้ำที่ไหลจากหน้าผาสูงกว่า 30 เมตร ลงมาสู่แอ่งน้ำขนาดใหญ่ด้านล่าง จนเกิดเป็นละอองฟุ้งกระจาย มองดูเหมือนม่านหมอกจากท้องฟ้า เลยเป็นที่มาของชื่อ น้ำตกหมอกฟ้า นั่นเองค่ะ\r\nที่เที่ยวเชียงใหม่\r\n     แม้ว่าสายน้ำที่ไหลสู่แอ่งน้ำนั้น จะค่อนข้างแรง แต่น้ำตกที่นี่ก็สามารถลงเล่นน้ำได้นะคะ และด้วยความที่อยู่ในเชียงใหม่ ภาคเหนือของเรา ช่วงปลายฝนต้นหนาว ก็จะได้เล่นน้ำอุณหภูมิที่ค่อนข้างหนาวเย็น จนอาจจะขนลุกกันได้เลยค่ะ แต่ถ้าใครสู้ไหว ขอให้ไปค่ะ เพราะน้ำจะสวยมากที่สุดในช่วงนี้ค่ะ\r\nที่เที่ยวน้ำตก เชียงใหม่\r\n     แต่จริงๆ แล้ว น้ำตกหมอกฟ้า นั้น สามารถเที่ยวกันได้ตลอดทั้งปีเลยค่ะ จะต่างกันที่ปริมาณของน้ำและเรื่องของความปลอดภัยในการเดินทางเข้ามาค่ะ เพราะถ้าไปในหน้าฝนก็อาจจะเจอน้ำป่าไหลหลากได้ค่ะ ซึ่งนอกจากนี้ก็ยังมีกิจกรรมให้นักท่องเที่ยวได้สนุกกันอีกด้วย ตั้งแต่ การเดินป่าตามเส้นทางศึกษาธรรมชาติ การตั้งแคมป์ ดูนก ชมค้างคาว จากบริเวณ ถ้ำหมอกฟ้า ที่อยู่ไม่ไกลจากน้ำตกนี้อีกด้วยค่ะ\r\nที่เที่ยวธรรมชาติ อุทยานแห่งชาติดอยสุเทพ-ปุย\r\n     บอกเลยค่ะว่า ภาพตรงหน้านี่ทำเอาอดคิดไม่ได้เลยว่า ที่นี่คือเมืองไทยจริงๆ หรอเนี่ย เพราะเหมือนน้ำตกสวยๆ ในต่างประเทศเลย ด้วยความที่มีสายน้ำตกยาวๆ พร้อมทั้งความอุดมสมบูรณ์ที่เต็มไปด้วยสีเขียวของต้นไม้ในบริเวณรอบๆ ทำให้เป็นภาพของธรรมชาติสวยๆ ที่อยากจะจดจำในความทรงจำไปอีกนานเลยค่ะ', NULL, 2, NULL, 19.11310807, 98.77567705, NULL, 0.00, 0, 'active'),
(8, 'น้ำพุร้อนโป่งเดือด', '  หนึ่งในน้ำพุร้อนชื่อดัง จาก จังหวัดเชียงใหม่ ที่เมื่อก่อนจะเป็นแค่ทางผ่านไปปายเท่านั้น แต่ตอนนี้นับว่าเป็นอีกสถานที่ที่ต้องแวะและห้ามพลาดเลยค่ะ กับ น้ำพุร้อนโป่งเดือด หรือ ที่รู้จักกันในชื่อ โป่งเดือดป่าแป๋ นี่เองค่ะ ถือว่าเป็นอีกแหล่งสปาบำบัดชั้นเยี่ยมจากธรรมชาติเลยนะคะ \r\nน้ำพุร้อนโป่งเดือด เชียงใหม่\r\nแช่ น้ำพุร้อนโป่งเดือด ชมวิวธรรมชาติ ที่ โป่งเดือดป่าแป๋\r\n     น้ำพุร้อนโป่งเดือด หรือ โป่งเดือดป่าแป๋ ตั้งอยู่ใน อุทยานแห่งชาติห้วยน้ำดัง ตำบลป่าแป๋ อำเภอแม่แตง จังหวัดเชียงใหม่ จะอยู่ระหว่างทางที่จะไป ปาย จังหวัดแม่ฮ่องสอน เมื่อก่อนไม่ว่าใครที่ต้องการเดินทางไปปาย โดยใช้เส้นทางแม่มาลัย-ปาย จะต้องผ่านบ่อน้ำร้อนโป่งเดือดหรือโป่งเดือดป่าแป๋นี้ ซึ่งในอดีตจะทำได้แค่จะแวะชม แต่ปัจจุบันนั้น ได้รับการพัฒนาเป็นแหล่งท่องเที่ยวอย่างเต็มรูปแบบเลยค่ะ จะมีบ่อน้ำร้อนที่นักท่องเที่ยวสามารถลงไปแช่และสัมผัสกับธรรมชาติได้อย่างใกล้ชิดค่ะ\r\n     โป่งเดือดป่าแป๋ นี้ จะเป็นน้ำพุร้อนไกเซอร์ (Geyser type) หมายถึง น้ำพุร้อนที่จะปล่อยน้ำร่วมกับไอน้ำอยู่เป็นระยะๆ นับว่าเป็น น้ำพุร้อนแบบไกเซอร์ที่ใหญ่ที่สุดในประเทศไทย มีทั้งหมด 3-4 บ่อด้วยกัน เมื่อก่อนนั้นน้ำพุที่พุ่งขึ้นมาจากพื้นดินจะสูงถึง 5 เมตร แต่ในตอนนี้จะเหลือเพียงแค่ 1 เมตรเท่านั้น เพราะปริมาณน้ำใต้ดินลดลงนั่นเองค่ะ อุณหภูมิน้ำใต้ดินจะอยู่ที่ 170 – 200 องศา ส่วนอุณหภูมิของน้ำบนผิวดินจะอยู่ที่ 90 – 100 องศา ค่ะ คุณสมบัติของน้ำพุร้อนที่เรารู้จักกันดีก็คือ จะช่วยรักษาโรคปวดตามข้อต่างๆ นี่เอง\r\nโป่งเดือดป่าแป๋ อำเภอแม่แตง จังหวัดเชียงใหม่\r\n     บริเวณรอบๆ ของ โป่งเดือดป่าแป๋ จะเป็นป่าทึบและจะมีกลิ่นของกำมะถัน นอกจากนี้ ก็ยังมีเส้นทางเดินศึกษาธรรมชาติจากด้านหน้าอุทยานฯ ไปยังน้ำพุร้อน ยาวกว่า 1.55 กิโลเมตร ผ่านป่า ต้นไม้ใหญ่ และมอส ที่ขึ้นระหว่างทาง โดยเส้นทางเดินจะเป็นรอบวงกลมจะไม่ย้อนกลับทางเดิมค่ะ และจะมีบริเวณของสะพานไม้ยาวไปตลอดทาง ประมาณ 800 เมตร และจะมีแผ่นป้ายให้ความรู้เกี่ยวกับ น้ำพุร้อนโป่งเดือด ระหว่างทางด้วยค่ะ\r\n     สำหรับบ่อแช่น้ำร้อนนั้น จะมีบ่อมากมายเลยค่ะ ไม่ว่าจะเป็น บ่อแช่เท้า บ่อส่วนตัว หรือ บ่อรวม ค่ะ โดยบางบ่อจะแยกชาย-หญิงค่ะ สามารถเลือกแช่ได้ตามที่ชอบเลยค่ะ ในส่วนของสิ่งอำนวยความสะดวกอื่นๆ ก็จะมีทั้ง บ้านพัก 8 หลังไว้บริการ ร้านอาหาร ลานกางเต็นท์ เป็นต้นค่ะ สำหรับ โป่งเดือดป่าแป๋ นั้น จัดว่าเป็นสถานที่ท่องเที่ยวที่น่าสนใจอีกแห่งหนึ่งของเชียงใหม่มากๆ ด้วยธรรมชาติแวดล้อมที่อุดมสมบูรณ์รวมถึงอากาศเย็นๆ เลยทำให้เราสามารถเดินเที่ยวเล่นสบายๆ และยังนอนค้างคืนที่บ้านพักได้อีกด้วย สามารถติดต่อทางอุทยานฯ เพื่อจองที่พักได้เลยค่ะ', NULL, 2, NULL, 19.24589091, 98.68611666, NULL, 0.00, 0, 'active'),
(9, 'ปาง เปา บีช', 'ร้านตั้งอยู่เส้นทางแม่แตง-ปาย โดยเราจะเดินมาจากสี่แยกแม่มาลัยปายราวๆ5กิโล จะมีทางเลี้ยวเข้าแถวๆสาใแยกไฟแดง จากนั้นให้เดินทางไปตามป้ายและGPS จะเจอร้าน ที่ร้านมีลานจอดกว้าง จะเสียค่าเข้าคนละ20บาทแต่สามารถนำเอาไปเป็นส่วนลดค่าอาหารและเครื่องดื่มได้คูปองและ1เมนูเท่านั้น ที่ร้านมีมุมถ่ายรูปเยอะพอสมควร แต่ด้วยความเป็นลักษณะบีสจะมีความร้อนค่อนข้างที่จะเยอะพอสมควร ด้านเมนูเครื่องดื่มที่มาบองชิมอย่างชามะนาว น้ำแดงโซดา อเมริกาโน่น้ำส้มรสชาติโอเค ราคาก็ตามสถานที่ ', NULL, 2, NULL, 19.07757824, 98.90898694, NULL, 0.00, 0, 'active'),
(10, 'ไฮ่เขากอด', 'แนะนำเส้นทางท่องเที่ยวแนวธรรมชาติใน อำเภอแม่แตง โดยบอกว่าไม่ต้องปีนเขาหรือเดินทางลำบากมาก ก็สามารถสัมผัสธรรมชาติได้เต็มที่ \r\nการเดินทาง\r\nสามารถไปโดย รถสองแถวจากขนส่งช้างเผือก ค่าโดยสารประมาณ 33 บาท\r\nจากนั้น ต่อรถเครื่อง (มอเตอร์ไซค์รับจ้าง) ประมาณ 400 บาทต่อวัน หรือขับรถส่วนตัวมาได้\r\nระยะทางราว 620 เมตรจากสถานีรถไฟ และใช้เวลาเดินทางราว 8 นาที\r\nเส้นทางสวย มีธรรมชาติรอบข้าง เหมาะกับการพักผ่อน สูดอากาศบริสุทธิ์\r\nกิจกรรมที่แนะนำ\r\nชมฟาร์มสตรอว์เบอร์รี จูเรียฟาร์ม, ฟาร์มสด, หรือทริป 1 วัน 1 คืนเดินเล่น ถ่ายรูป ชมสวนธรรมชาติ\r\nนั่งจิบกาแฟในบรรยากาศสงบ ๆมีร้านกาแฟ “กุ๊ก มอเตอร์ไซค์ไบค์” อยู่ใกล้ ๆ เป็นจุดแวะพัก\r\nช่วงเย็นสามารถนั่งชมพระอาทิตย์ตก สูดอากาศเย็น ๆ\r\nอาหารและคาเฟ่\r\nร้านอาหารมีหลายเมนู เช่น ยำ กอดจาน ทานดอกไม้ กินแพงดอกฟูน ฯลฯเน้นอาหารธรรมชาติ สดจากฟาร์มบรรยากาศดี เหมาะกับการพักผ่อน นั่งชิล จิบกาแฟ หรือเล่นในสวนเจ้าของเป็นกันเอง บางร้านมีสัตว์เลี้ยงหรือมุมถ่ายรูปน่ารัก ๆ\r\nที่พักและบรรยากาศ\r\nมีที่พักแบบวิวภูเขา 360 องศาราคาประมาณ 2,500 บาท/ห้อง สำหรับ 2 คนมีห้องอาบน้ำในตัว แยกห้องอาบน้ำกับโซนพักบรรยากาศเงียบ สงบ เหมาะกับการพักผ่อนแบบโรแมนติกมีบริการหมูกระทะ เครื่องดื่ม โต๊ะจัดปิกนิกเหมาะสำหรับคู่รักหรือกลุ่มเพื่อนที่อยากมาชาร์จพลัง\r\nสรุปจุดเด่น\r\nไม่ต้องปีนเขา\r\nเดินทางง่าย ใกล้เมืองเชียงใหม่\r\nเหมาะกับสายธรรมชาติ ชอบความสงบ\r\nมีคาเฟ่ ฟาร์มสตรอว์เบอร์รี และที่พักวิวภูเขา\r\nบรรยากาศดี ถ่ายรูปสวย และอากาศบริสุทธิ์', NULL, 5, NULL, 19.11564800, 98.86764790, NULL, 0.00, 0, 'active');

-- --------------------------------------------------------

--
-- Table structure for table `media`
--

CREATE TABLE `media` (
  `id` int(11) NOT NULL,
  `location_id` int(11) NOT NULL,
  `media_type` enum('image','video','audio') NOT NULL DEFAULT 'image',
  `url` varchar(255) NOT NULL,
  `alt` varchar(255) DEFAULT NULL,
  `uploaded_by` int(11) DEFAULT NULL,
  `created_at` timestamp NOT NULL DEFAULT current_timestamp()
) ENGINE=InnoDB DEFAULT CHARSET=utf8mb4 COLLATE=utf8mb4_general_ci;

--
-- Dumping data for table `media`
--

INSERT INTO `media` (`id`, `location_id`, `media_type`, `url`, `alt`, `uploaded_by`, `created_at`) VALUES
(1, 2, 'image', 'admin/uploads/image/68d814b1d2afd-DSCF2238.JPG', NULL, NULL, '2025-09-27 16:45:37'),
(4, 2, 'audio', 'admin/uploads/audio/68d814b1e120e-BotnoiVoice343957.mp3', NULL, NULL, '2025-09-27 16:45:37'),
(5, 3, 'image', 'admin/uploads/image/68d871a173fce-DSCF2420.JPG', NULL, NULL, '2025-09-27 23:22:09'),
(6, 3, 'video', 'admin/uploads/video/68d871a18964f-Dscf2422.mp4', NULL, NULL, '2025-09-27 23:22:09'),
(7, 7, 'image', 'admin/uploads/image/68d872a641065-DSCF2471.JPG', NULL, NULL, '2025-09-27 23:26:30'),
(8, 1, 'image', 'admin/uploads/image/68d8740c99a91-DSCF2487.JPG', NULL, NULL, '2025-09-27 23:32:28'),
(9, 1, 'video', 'admin/uploads/video/68d8740cacabe-Dscf2482.mp4', NULL, NULL, '2025-09-27 23:32:28'),
(10, 6, 'video', 'admin/uploads/video/68d8772f53dce-Dscf2299.mp4', NULL, NULL, '2025-09-27 23:45:51'),
(11, 6, 'image', 'admin/uploads/image/68d8774b8389e-DSCF2302.JPG', NULL, NULL, '2025-09-27 23:46:19'),
(12, 7, 'video', 'admin/uploads/video/68d87eb7b381c-Dscf2473.mp4', NULL, NULL, '2025-09-28 00:17:59'),
(13, 8, 'video', 'admin/uploads/video/68d8bde0637a4-Dscf2578.mp4', NULL, NULL, '2025-09-28 04:47:28'),
(14, 9, 'image', 'admin/uploads/image/68d8d28d65fab-DSCF2413.JPG', NULL, NULL, '2025-09-28 06:15:41'),
(15, 9, 'video', 'admin/uploads/video/68d8d5298c6fa-Dscf2395.mp4', NULL, NULL, '2025-09-28 06:26:49'),
(16, 8, 'image', 'admin/uploads/image/68d8de1f5b426-DSCF2582.JPG', NULL, NULL, '2025-09-28 07:05:03'),
(19, 2, 'image', 'admin/uploads/image/68e13ba427901-3969.jpg', NULL, NULL, '2025-10-04 15:22:12'),
(20, 2, 'image', 'admin/uploads/image/68e13ba4a9fce-cadf844a-cbf5-41ef-b591-8cd7b502.jpg', NULL, NULL, '2025-10-04 15:22:12'),
(21, 2, 'image', 'admin/uploads/image/68e13ba4aaebb-DSCF2209.JPG', NULL, NULL, '2025-10-04 15:22:12'),
(22, 2, 'image', 'admin/uploads/image/68e13ba4abc4e-DSCF2211.JPG', NULL, NULL, '2025-10-04 15:22:12'),
(23, 2, 'image', 'admin/uploads/image/68e13ba4dcf86-DSCF2214.JPG', NULL, NULL, '2025-10-04 15:22:12'),
(24, 2, 'image', 'admin/uploads/image/68e13ba4ef8e6-DSCF2216.JPG', NULL, NULL, '2025-10-04 15:22:12'),
(25, 2, 'image', 'admin/uploads/image/68e13ba4f0a80-DSCF2217.JPG', NULL, NULL, '2025-10-04 15:22:12'),
(26, 2, 'image', 'admin/uploads/image/68e13ba4f18fd-DSCF2219.JPG', NULL, NULL, '2025-10-04 15:22:12'),
(27, 2, 'image', 'admin/uploads/image/68e13ba4f2e74-DSCF2221.JPG', NULL, NULL, '2025-10-04 15:22:12'),
(28, 2, 'image', 'admin/uploads/image/68e13ba4f3b8a-DSCF2236.JPG', NULL, NULL, '2025-10-04 15:22:13'),
(29, 2, 'image', 'admin/uploads/image/68e13ba5008ec-DSCF2237.JPG', NULL, NULL, '2025-10-04 15:22:13'),
(30, 2, 'image', 'admin/uploads/image/68e13ba5016bb-DSCF2238.JPG', NULL, NULL, '2025-10-04 15:22:13'),
(32, 2, 'image', 'admin/uploads/image/68e13ba5153a9-DSCF2242.JPG', NULL, NULL, '2025-10-04 15:22:13'),
(33, 2, 'image', 'admin/uploads/image/68e13ba5168c5-DSCF2245.JPG', NULL, NULL, '2025-10-04 15:22:13'),
(34, 2, 'image', 'admin/uploads/image/68e13ba517892-DSCF2246.JPG', NULL, NULL, '2025-10-04 15:22:13'),
(35, 2, 'image', 'admin/uploads/image/68e13ba518779-DSCF2250.JPG', NULL, NULL, '2025-10-04 15:22:13'),
(36, 2, 'image', 'admin/uploads/image/68e13ba5197af-DSCF2251.JPG', NULL, NULL, '2025-10-04 15:22:13'),
(37, 2, 'image', 'admin/uploads/image/68e13ba51a872-DSCF2252.JPG', NULL, NULL, '2025-10-04 15:22:13'),
(38, 2, 'image', 'admin/uploads/image/68e13ba51b7a7-DSCF2253.JPG', NULL, NULL, '2025-10-04 15:22:13'),
(42, 7, 'audio', 'admin/uploads/audio/68e1507b7b189-น้ำตกหมอกฟ้า.mp3', NULL, NULL, '2025-10-04 16:51:07'),
(43, 6, 'audio', 'admin/uploads/audio/68e152aff3ef9-สวนสนแม่เเตง.mp3', NULL, NULL, '2025-10-04 17:00:33'),
(44, 3, 'audio', 'admin/uploads/audio/68e153b7d0413-เขื่อน.mp3', NULL, NULL, '2025-10-04 17:04:55'),
(46, 7, 'image', 'admin/uploads/image/68e16ee818d6d-DSCF2433.JPG', NULL, NULL, '2025-10-04 19:00:57'),
(47, 7, 'image', 'admin/uploads/image/68e16eeaa2698-DSCF2434.JPG', NULL, NULL, '2025-10-04 19:00:59'),
(48, 7, 'image', 'admin/uploads/image/68e16eed3a8c2-DSCF2437.JPG', NULL, NULL, '2025-10-04 19:01:01'),
(49, 7, 'image', 'admin/uploads/image/68e16eee07761-DSCF2438.JPG', NULL, NULL, '2025-10-04 19:01:02'),
(50, 7, 'image', 'admin/uploads/image/68e16eee585c1-DSCF2440.JPG', NULL, NULL, '2025-10-04 19:01:02'),
(51, 7, 'image', 'admin/uploads/image/68e16eee85fa2-DSCF2443.JPG', NULL, NULL, '2025-10-04 19:01:03'),
(52, 7, 'image', 'admin/uploads/image/68e16eefbcddb-DSCF2444.JPG', NULL, NULL, '2025-10-04 19:01:04'),
(53, 7, 'image', 'admin/uploads/image/68e16ef1ebf85-DSCF2447.JPG', NULL, NULL, '2025-10-04 19:01:06'),
(54, 7, 'image', 'admin/uploads/image/68e16ef283e7d-DSCF2448.JPG', NULL, NULL, '2025-10-04 19:01:06'),
(55, 7, 'image', 'admin/uploads/image/68e16ef2c8196-DSCF2449.JPG', NULL, NULL, '2025-10-04 19:01:07'),
(56, 7, 'image', 'admin/uploads/image/68e16ef3721e5-DSCF2450.JPG', NULL, NULL, '2025-10-04 19:01:08'),
(57, 7, 'image', 'admin/uploads/image/68e16ef41c308-DSCF2451.JPG', NULL, NULL, '2025-10-04 19:01:08'),
(58, 7, 'image', 'admin/uploads/image/68e16ef4c61ff-DSCF2452.JPG', NULL, NULL, '2025-10-04 19:01:09'),
(59, 7, 'image', 'admin/uploads/image/68e16ef566cc6-DSCF2454.JPG', NULL, NULL, '2025-10-04 19:01:09'),
(60, 7, 'image', 'admin/uploads/image/68e16ef59df91-DSCF2455.JPG', NULL, NULL, '2025-10-04 19:01:10'),
(61, 7, 'image', 'admin/uploads/image/68e16ef66e23e-DSCF2456.JPG', NULL, NULL, '2025-10-04 19:01:10'),
(62, 7, 'image', 'admin/uploads/image/68e16ef6be43f-DSCF2462.JPG', NULL, NULL, '2025-10-04 19:01:11'),
(63, 7, 'image', 'admin/uploads/image/68e16ef736295-DSCF2463.JPG', NULL, NULL, '2025-10-04 19:01:11'),
(64, 7, 'image', 'admin/uploads/image/68e16ef7adfd5-DSCF2464.JPG', NULL, NULL, '2025-10-04 19:01:12'),
(65, 7, 'image', 'admin/uploads/image/68e16ef828340-DSCF2465.JPG', NULL, NULL, '2025-10-04 19:01:12'),
(66, 2, 'video', 'admin/uploads/video/68e170e190567-Sequence 01.mp4', NULL, NULL, '2025-10-04 19:09:23'),
(67, 9, 'image', 'admin/uploads/image/68e1740891633-DSCF2372.JPG', NULL, NULL, '2025-10-04 19:22:49'),
(68, 9, 'image', 'admin/uploads/image/68e1740a520c7-DSCF2373.JPG', NULL, NULL, '2025-10-04 19:22:50'),
(69, 9, 'image', 'admin/uploads/image/68e1740bcb835-DSCF2375.JPG', NULL, NULL, '2025-10-04 19:22:52'),
(70, 9, 'image', 'admin/uploads/image/68e1740c9f5fb-DSCF2376.JPG', NULL, NULL, '2025-10-04 19:22:53'),
(71, 9, 'image', 'admin/uploads/image/68e1740d31321-DSCF2377.JPG', NULL, NULL, '2025-10-04 19:22:53'),
(72, 9, 'image', 'admin/uploads/image/68e1740e02e89-DSCF2378.JPG', NULL, NULL, '2025-10-04 19:22:54'),
(73, 9, 'image', 'admin/uploads/image/68e1740e45dec-DSCF2379.JPG', NULL, NULL, '2025-10-04 19:22:54'),
(74, 9, 'image', 'admin/uploads/image/68e1740e99b55-DSCF2380.JPG', NULL, NULL, '2025-10-04 19:22:55'),
(75, 9, 'image', 'admin/uploads/image/68e174105e137-DSCF2381.JPG', NULL, NULL, '2025-10-04 19:22:56'),
(76, 9, 'image', 'admin/uploads/image/68e174114e6b0-DSCF2383.JPG', NULL, NULL, '2025-10-04 19:22:57'),
(77, 9, 'image', 'admin/uploads/image/68e174117cf36-DSCF2384.JPG', NULL, NULL, '2025-10-04 19:22:58'),
(78, 9, 'image', 'admin/uploads/image/68e1741223abf-DSCF2385.JPG', NULL, NULL, '2025-10-04 19:22:58'),
(79, 9, 'image', 'admin/uploads/image/68e1741324fbb-DSCF2386.JPG', NULL, NULL, '2025-10-04 19:22:59'),
(80, 9, 'image', 'admin/uploads/image/68e17413a295a-DSCF2387.JPG', NULL, NULL, '2025-10-04 19:23:00'),
(81, 9, 'image', 'admin/uploads/image/68e1741441a61-DSCF2388.JPG', NULL, NULL, '2025-10-04 19:23:01'),
(82, 9, 'image', 'admin/uploads/image/68e17415d92bc-DSCF2389.JPG', NULL, NULL, '2025-10-04 19:23:02'),
(83, 9, 'image', 'admin/uploads/image/68e1741663570-DSCF2390.JPG', NULL, NULL, '2025-10-04 19:23:02'),
(84, 9, 'image', 'admin/uploads/image/68e174170f203-DSCF2391.JPG', NULL, NULL, '2025-10-04 19:23:03'),
(85, 9, 'image', 'admin/uploads/image/68e174172be96-DSCF2392.JPG', NULL, NULL, '2025-10-04 19:23:03'),
(86, 9, 'image', 'admin/uploads/image/68e17417a3012-DSCF2393.JPG', NULL, NULL, '2025-10-04 19:23:04'),
(87, 8, 'image', 'admin/uploads/image/68e174c9130d0-DSCF2559.JPG', NULL, NULL, '2025-10-04 19:26:01'),
(88, 8, 'image', 'admin/uploads/image/68e174c9b68b2-DSCF2560.JPG', NULL, NULL, '2025-10-04 19:26:01'),
(89, 8, 'image', 'admin/uploads/image/68e174c9cc708-DSCF2562.JPG', NULL, NULL, '2025-10-04 19:26:02'),
(90, 8, 'image', 'admin/uploads/image/68e174ca18f90-DSCF2564.JPG', NULL, NULL, '2025-10-04 19:26:02'),
(91, 8, 'image', 'admin/uploads/image/68e174ca33c93-DSCF2565.JPG', NULL, NULL, '2025-10-04 19:26:02'),
(92, 8, 'image', 'admin/uploads/image/68e174caa9b2e-DSCF2566.JPG', NULL, NULL, '2025-10-04 19:26:02'),
(93, 8, 'image', 'admin/uploads/image/68e174cac757e-DSCF2567.JPG', NULL, NULL, '2025-10-04 19:26:03'),
(94, 8, 'image', 'admin/uploads/image/68e174cb02ccd-DSCF2568.JPG', NULL, NULL, '2025-10-04 19:26:03'),
(95, 8, 'image', 'admin/uploads/image/68e174cb1787c-DSCF2569.JPG', NULL, NULL, '2025-10-04 19:26:03'),
(96, 8, 'image', 'admin/uploads/image/68e174cb5779b-DSCF2570.JPG', NULL, NULL, '2025-10-04 19:26:03'),
(97, 8, 'image', 'admin/uploads/image/68e174cb6f42a-DSCF2571.JPG', NULL, NULL, '2025-10-04 19:26:03'),
(98, 8, 'image', 'admin/uploads/image/68e174cb9ddc9-DSCF2572.JPG', NULL, NULL, '2025-10-04 19:26:03'),
(99, 8, 'image', 'admin/uploads/image/68e174cc58f7c-DSCF2576.JPG', NULL, NULL, '2025-10-04 19:26:04'),
(100, 8, 'image', 'admin/uploads/image/68e174cc69e72-DSCF2579.JPG', NULL, NULL, '2025-10-04 19:26:04'),
(101, 8, 'image', 'admin/uploads/image/68e174cc9c239-DSCF2580.JPG', NULL, NULL, '2025-10-04 19:26:04'),
(102, 8, 'image', 'admin/uploads/image/68e174cceb5f8-DSCF2581.JPG', NULL, NULL, '2025-10-04 19:26:05'),
(103, 8, 'image', 'admin/uploads/image/68e174cd74042-DSCF2582.JPG', NULL, NULL, '2025-10-04 19:26:05'),
(104, 8, 'image', 'admin/uploads/image/68e174cd9d090-DSCF2583.JPG', NULL, NULL, '2025-10-04 19:26:05'),
(105, 8, 'image', 'admin/uploads/image/68e174cdb17db-DSCF2584.JPG', NULL, NULL, '2025-10-04 19:26:05'),
(106, 8, 'image', 'admin/uploads/image/68e174cdb2f66-DSCF2585.JPG', NULL, NULL, '2025-10-04 19:26:05'),
(107, 6, 'image', 'admin/uploads/image/68e176a0d35ce-DSCF2266.JPG', NULL, NULL, '2025-10-04 19:33:53'),
(108, 6, 'image', 'admin/uploads/image/68e176a13b553-DSCF2267.JPG', NULL, NULL, '2025-10-04 19:33:53'),
(109, 6, 'image', 'admin/uploads/image/68e176a13c1b6-DSCF2268.JPG', NULL, NULL, '2025-10-04 19:33:53'),
(110, 6, 'image', 'admin/uploads/image/68e176a13cff9-DSCF2269.JPG', NULL, NULL, '2025-10-04 19:33:53'),
(111, 6, 'image', 'admin/uploads/image/68e176a186314-DSCF2270.JPG', NULL, NULL, '2025-10-04 19:33:53'),
(112, 6, 'image', 'admin/uploads/image/68e176a18737d-DSCF2271.JPG', NULL, NULL, '2025-10-04 19:33:53'),
(113, 6, 'image', 'admin/uploads/image/68e176a1883a8-DSCF2272.JPG', NULL, NULL, '2025-10-04 19:33:53'),
(114, 6, 'image', 'admin/uploads/image/68e176a189156-DSCF2277.JPG', NULL, NULL, '2025-10-04 19:33:53'),
(115, 6, 'image', 'admin/uploads/image/68e176a189d6a-DSCF2302.JPG', NULL, NULL, '2025-10-04 19:33:53'),
(116, 6, 'image', 'admin/uploads/image/68e176a18e8a0-DSCF2303.JPG', NULL, NULL, '2025-10-04 19:33:53'),
(117, 6, 'image', 'admin/uploads/image/68e176a18f5a5-DSCF2304.JPG', NULL, NULL, '2025-10-04 19:33:53'),
(118, 6, 'image', 'admin/uploads/image/68e176a1906b9-DSCF2305.JPG', NULL, NULL, '2025-10-04 19:33:53'),
(119, 6, 'image', 'admin/uploads/image/68e176a19127f-DSCF2308.JPG', NULL, NULL, '2025-10-04 19:33:53'),
(131, 1, 'image', 'admin/uploads/image/68e1771f3e8bb-DSCF2474.JPG', NULL, NULL, '2025-10-04 19:35:59'),
(132, 1, 'image', 'admin/uploads/image/68e1771f44126-DSCF2477.JPG', NULL, NULL, '2025-10-04 19:35:59'),
(133, 1, 'image', 'admin/uploads/image/68e1771f44ea8-DSCF2478.JPG', NULL, NULL, '2025-10-04 19:35:59'),
(134, 1, 'image', 'admin/uploads/image/68e1771f45bfb-DSCF2479.JPG', NULL, NULL, '2025-10-04 19:35:59'),
(135, 1, 'image', 'admin/uploads/image/68e1771f4692b-DSCF2480.JPG', NULL, NULL, '2025-10-04 19:35:59'),
(136, 1, 'image', 'admin/uploads/image/68e1771f47ce3-DSCF2481.JPG', NULL, NULL, '2025-10-04 19:35:59'),
(137, 1, 'image', 'admin/uploads/image/68e1771f48da2-DSCF2483.JPG', NULL, NULL, '2025-10-04 19:35:59'),
(138, 1, 'image', 'admin/uploads/image/68e1771f49bd0-DSCF2484.JPG', NULL, NULL, '2025-10-04 19:35:59'),
(139, 1, 'image', 'admin/uploads/image/68e1771f6199c-DSCF2485.JPG', NULL, NULL, '2025-10-04 19:35:59'),
(140, 3, 'image', 'admin/uploads/image/68e178452e465-DSCF2419.JPG', NULL, NULL, '2025-10-04 19:40:53'),
(141, 3, 'image', 'admin/uploads/image/68e1784569f7f-DSCF2420.JPG', NULL, NULL, '2025-10-04 19:40:53'),
(142, 3, 'image', 'admin/uploads/image/68e178456b185-DSCF2421.JPG', NULL, NULL, '2025-10-04 19:40:53'),
(143, 3, 'image', 'admin/uploads/image/68e178456bc67-DSCF2423.JPG', NULL, NULL, '2025-10-04 19:40:53'),
(144, 3, 'image', 'admin/uploads/image/68e178456c8a0-DSCF2425.JPG', NULL, NULL, '2025-10-04 19:40:53'),
(145, 3, 'image', 'admin/uploads/image/68e178456e699-DSCF2426.JPG', NULL, NULL, '2025-10-04 19:40:53'),
(166, 5, 'image', 'admin/uploads/image/68e18459234d0-DSCF2311.JPG', NULL, NULL, '2025-10-04 20:32:25'),
(167, 5, 'image', 'admin/uploads/image/68e184595c85a-DSCF2312.JPG', NULL, NULL, '2025-10-04 20:32:25'),
(168, 5, 'image', 'admin/uploads/image/68e184595d7dc-DSCF2313.JPG', NULL, NULL, '2025-10-04 20:32:25'),
(169, 5, 'image', 'admin/uploads/image/68e184595e500-DSCF2314.JPG', NULL, NULL, '2025-10-04 20:32:25'),
(170, 5, 'image', 'admin/uploads/image/68e184595f008-DSCF2315.JPG', NULL, NULL, '2025-10-04 20:32:25'),
(171, 5, 'image', 'admin/uploads/image/68e184595fe3a-DSCF2317.JPG', NULL, NULL, '2025-10-04 20:32:25'),
(172, 5, 'image', 'admin/uploads/image/68e1845960b8d-DSCF2320.JPG', NULL, NULL, '2025-10-04 20:32:25'),
(173, 5, 'image', 'admin/uploads/image/68e1845961c5f-DSCF2322.JPG', NULL, NULL, '2025-10-04 20:32:25'),
(174, 5, 'image', 'admin/uploads/image/68e184596294b-DSCF2325.JPG', NULL, NULL, '2025-10-04 20:32:25'),
(175, 5, 'image', 'admin/uploads/image/68e1845963a57-DSCF2326.JPG', NULL, NULL, '2025-10-04 20:32:25'),
(176, 5, 'image', 'admin/uploads/image/68e18459645d6-DSCF2327.JPG', NULL, NULL, '2025-10-04 20:32:25'),
(177, 5, 'image', 'admin/uploads/image/68e1845965238-DSCF2329.JPG', NULL, NULL, '2025-10-04 20:32:25'),
(178, 5, 'image', 'admin/uploads/image/68e1845965f8a-DSCF2331.JPG', NULL, NULL, '2025-10-04 20:32:25'),
(179, 5, 'image', 'admin/uploads/image/68e1845966dbe-DSCF2332.JPG', NULL, NULL, '2025-10-04 20:32:25'),
(180, 5, 'image', 'admin/uploads/image/68e1845967b32-DSCF2333.JPG', NULL, NULL, '2025-10-04 20:32:25'),
(181, 5, 'image', 'admin/uploads/image/68e1845968770-DSCF2334.JPG', NULL, NULL, '2025-10-04 20:32:25'),
(182, 5, 'image', 'admin/uploads/image/68e18459695a8-DSCF2335.JPG', NULL, NULL, '2025-10-04 20:32:25'),
(183, 5, 'image', 'admin/uploads/image/68e184596a188-DSCF2337.JPG', NULL, NULL, '2025-10-04 20:32:25'),
(184, 5, 'image', 'admin/uploads/image/68e184596b104-DSCF2338.JPG', NULL, NULL, '2025-10-04 20:32:25'),
(185, 5, 'image', 'admin/uploads/image/68e184596bda8-DSCF2339.JPG', NULL, NULL, '2025-10-04 20:32:25'),
(186, 5, 'audio', 'admin/uploads/audio/68e1856fbb47d-เเดนเทวดา.mp3', NULL, NULL, '2025-10-04 20:37:04'),
(189, 5, 'video', 'admin/uploads/video/68e188a183e07-Dscf2330.mp4', NULL, NULL, '2025-10-04 20:50:41'),
(190, 5, 'video', 'admin/uploads/video/68e189abe6992-Dscf2343.mp4', NULL, NULL, '2025-10-04 20:55:08'),
(191, 9, 'video', 'admin/uploads/video/68e190d354387-1756068408970.mp4', NULL, NULL, '2025-10-04 21:25:54'),
(192, 10, 'image', 'admin/uploads/image/68e1f66a1bb2d-DSCF2534.JPG', NULL, NULL, '2025-10-05 04:39:06'),
(193, 10, 'image', 'admin/uploads/image/68e1f66b4daad-DSCF2537.JPG', NULL, NULL, '2025-10-05 04:39:07'),
(194, 10, 'image', 'admin/uploads/image/68e1f66b4e895-DSCF2538.JPG', NULL, NULL, '2025-10-05 04:39:07'),
(195, 10, 'image', 'admin/uploads/image/68e1f66b4f4f5-DSCF2539.JPG', NULL, NULL, '2025-10-05 04:39:07'),
(196, 10, 'image', 'admin/uploads/image/68e1f66b50030-DSCF2540.JPG', NULL, NULL, '2025-10-05 04:39:07'),
(197, 10, 'image', 'admin/uploads/image/68e1f66b50b21-DSCF2542.JPG', NULL, NULL, '2025-10-05 04:39:07'),
(198, 10, 'image', 'admin/uploads/image/68e1f66b51cb2-DSCF2543.JPG', NULL, NULL, '2025-10-05 04:39:07'),
(199, 10, 'image', 'admin/uploads/image/68e1f66b529ea-DSCF2544.JPG', NULL, NULL, '2025-10-05 04:39:07'),
(200, 10, 'image', 'admin/uploads/image/68e1f66b53554-DSCF2546.JPG', NULL, NULL, '2025-10-05 04:39:07'),
(201, 10, 'image', 'admin/uploads/image/68e1f66b5430d-DSCF2547.JPG', NULL, NULL, '2025-10-05 04:39:07'),
(202, 10, 'image', 'admin/uploads/image/68e1f66b54ff6-DSCF2548.JPG', NULL, NULL, '2025-10-05 04:39:07'),
(203, 10, 'image', 'admin/uploads/image/68e1f66b55cc9-DSCF2550.JPG', NULL, NULL, '2025-10-05 04:39:07'),
(204, 10, 'image', 'admin/uploads/image/68e1f66b56915-DSCF2551.JPG', NULL, NULL, '2025-10-05 04:39:07'),
(205, 10, 'image', 'admin/uploads/image/68e1f66b575f4-DSCF2554.JPG', NULL, NULL, '2025-10-05 04:39:07'),
(206, 10, 'image', 'admin/uploads/image/68e1f66b7eede-DSCF2556.JPG', NULL, NULL, '2025-10-05 04:39:07'),
(207, 10, 'image', 'admin/uploads/image/68e1f66b7f8e7-DSCF2557.JPG', NULL, NULL, '2025-10-05 04:39:07'),
(208, 10, 'image', 'admin/uploads/image/68e1f66b803bb-DSCF2558.JPG', NULL, NULL, '2025-10-05 04:39:07'),
(209, 10, 'video', 'admin/uploads/video/68e1f66bb80dc-Dscf2535.mp4', NULL, NULL, '2025-10-05 04:39:08'),
(212, 10, 'audio', 'admin/uploads/audio/68e2221f3e68b-FormatFactory ตัวรวมเสียง ไฮ่เขากอด+ไฮ่เขากอดฟังต่อ.mp3', NULL, NULL, '2025-10-05 07:45:35'),
(213, 9, 'audio', 'admin/uploads/audio/68e222623694a-FormatFactory ตัวรวมเสียง ปาง เปา+ปาง เปา.mp3', NULL, NULL, '2025-10-05 07:46:42'),
(214, 8, 'audio', 'admin/uploads/audio/68e2228e9921b-FormatFactory ตัวรวมเสียง น้ำพุร้อน (2)+น้ำพุร้อน.mp3', NULL, NULL, '2025-10-05 07:47:26'),
(215, 4, 'audio', 'admin/uploads/audio/68e222ae0d1a8-FormatFactory ตัวรวมเสียง ปางช้างเเม่เเตง+ปางช้างเเม่เเต่ง.mp3', NULL, NULL, '2025-10-05 07:47:58'),
(216, 1, 'audio', 'admin/uploads/audio/68e222e19d237-FormatFactory ตัวรวมเสียง น้ำตกบัวตอง (2)+น้ำตกบัวตอง.mp3', NULL, NULL, '2025-10-05 07:48:49'),
(217, 4, 'video', 'admin/uploads/video/68e2251fed1b4-Dscf2524.mp4', NULL, NULL, '2025-10-05 07:58:24'),
(218, 4, 'image', 'admin/uploads/image/68e225208ec63-DSCF2490.JPG', NULL, NULL, '2025-10-05 07:58:24'),
(219, 4, 'image', 'admin/uploads/image/68e2252092dea-DSCF2491.JPG', NULL, NULL, '2025-10-05 07:58:24'),
(220, 4, 'image', 'admin/uploads/image/68e2252093af4-DSCF2492.JPG', NULL, NULL, '2025-10-05 07:58:24'),
(221, 4, 'image', 'admin/uploads/image/68e2252094754-DSCF2495.JPG', NULL, NULL, '2025-10-05 07:58:24'),
(222, 4, 'image', 'admin/uploads/image/68e2252095566-DSCF2496.JPG', NULL, NULL, '2025-10-05 07:58:24'),
(223, 4, 'image', 'admin/uploads/image/68e22520961dc-DSCF2498.JPG', NULL, NULL, '2025-10-05 07:58:24'),
(224, 4, 'image', 'admin/uploads/image/68e22520970c4-DSCF2499.JPG', NULL, NULL, '2025-10-05 07:58:24'),
(225, 4, 'image', 'admin/uploads/image/68e2252097be4-DSCF2500.JPG', NULL, NULL, '2025-10-05 07:58:24'),
(226, 4, 'image', 'admin/uploads/image/68e2252098849-DSCF2501.JPG', NULL, NULL, '2025-10-05 07:58:24'),
(227, 4, 'image', 'admin/uploads/image/68e22520995a0-DSCF2503.JPG', NULL, NULL, '2025-10-05 07:58:24'),
(228, 4, 'image', 'admin/uploads/image/68e225209e0c5-DSCF2505.JPG', NULL, NULL, '2025-10-05 07:58:24'),
(229, 4, 'image', 'admin/uploads/image/68e225209f028-DSCF2506.JPG', NULL, NULL, '2025-10-05 07:58:24'),
(230, 4, 'image', 'admin/uploads/image/68e225209fe61-DSCF2508.JPG', NULL, NULL, '2025-10-05 07:58:24'),
(231, 4, 'image', 'admin/uploads/image/68e22520a0ce0-DSCF2509.JPG', NULL, NULL, '2025-10-05 07:58:24'),
(232, 4, 'image', 'admin/uploads/image/68e22520a19ac-DSCF2510.JPG', NULL, NULL, '2025-10-05 07:58:24'),
(233, 4, 'image', 'admin/uploads/image/68e22520a2917-DSCF2511.JPG', NULL, NULL, '2025-10-05 07:58:24'),
(234, 4, 'image', 'admin/uploads/image/68e22520a388c-DSCF2512.JPG', NULL, NULL, '2025-10-05 07:58:24'),
(235, 4, 'image', 'admin/uploads/image/68e22520a436a-DSCF2513.JPG', NULL, NULL, '2025-10-05 07:58:24'),
(236, 4, 'image', 'admin/uploads/image/68e22520a52ae-DSCF2515.JPG', NULL, NULL, '2025-10-05 07:58:24');

-- --------------------------------------------------------

--
-- Table structure for table `ratings`
--

CREATE TABLE `ratings` (
  `id` int(11) NOT NULL,
  `location_id` int(11) NOT NULL,
  `user_id` int(11) NOT NULL,
  `rating` int(11) NOT NULL,
  `created_at` timestamp NOT NULL DEFAULT current_timestamp()
) ENGINE=InnoDB DEFAULT CHARSET=utf8mb4 COLLATE=utf8mb4_unicode_ci;

--
-- Dumping data for table `ratings`
--

INSERT INTO `ratings` (`id`, `location_id`, `user_id`, `rating`, `created_at`) VALUES
(1, 3, 1, 4, '2025-09-24 11:14:32'),
(2, 2, 1, 4, '2025-09-24 11:19:49'),
(3, 2, 2, 5, '2025-09-24 11:28:14'),
(4, 1, 3, 5, '2025-09-24 12:11:35'),
(5, 3, 3, 5, '2025-09-24 13:27:11'),
(6, 1, 2, 5, '2025-09-28 09:19:47'),
(7, 1, 2, 5, '2025-09-28 09:22:16'),
(8, 2, 2, 5, '2025-09-28 09:26:30'),
(9, 1, 2, 5, '2025-10-04 20:14:24'),
(10, 5, 2, 5, '2025-10-04 20:59:05'),
(11, 10, 2, 5, '2025-10-05 07:13:04'),
(12, 4, 2, 5, '2025-10-05 08:10:40');

-- --------------------------------------------------------

--
-- Table structure for table `statistic`
--

CREATE TABLE `statistic` (
  `locationID` int(11) NOT NULL,
  `viewCount` int(11) NOT NULL DEFAULT 0
) ENGINE=InnoDB DEFAULT CHARSET=utf8mb4 COLLATE=utf8mb4_general_ci;

--
-- Dumping data for table `statistic`
--

INSERT INTO `statistic` (`locationID`, `viewCount`) VALUES
(1, 0),
(2, 0),
(3, 0),
(4, 0),
(5, 0),
(6, 0),
(7, 0),
(8, 0),
(9, 0),
(10, 0);

-- --------------------------------------------------------

--
-- Table structure for table `user`
--

CREATE TABLE `user` (
  `userID` int(11) NOT NULL,
  `username` varchar(255) NOT NULL,
  `email` varchar(255) DEFAULT NULL,
  `password` varchar(255) DEFAULT NULL
) ENGINE=InnoDB DEFAULT CHARSET=utf8mb4 COLLATE=utf8mb4_general_ci;

--
-- Dumping data for table `user`
--

INSERT INTO `user` (`userID`, `username`, `email`, `password`) VALUES
(1, 'Anonymous User', 'anonymous@example.com', '$2y$10$SjoaebNPDnmCuayfQ1X/uuqyAWOZULIxqVLDJefjFdkrBY.CMhfZ2'),
(2, 'jon', 'HYUGUY2965@gmail.com', '$2y$10$qJgCbeTVakp2lStmUOI7Y.SlNLd5Lm/ZkLRxEZ4vJaFD02oZhXAWu'),
(3, 'Som007', 'ftgu2965@gmail.com', '$2y$10$JiAKQd9wxOoDpSNRy8OroepbV5dQVvEPrMI04LfJOuZu66v0FHpk2');

--
-- Indexes for dumped tables
--

--
-- Indexes for table `admins`
--
ALTER TABLE `admins`
  ADD PRIMARY KEY (`id`),
  ADD UNIQUE KEY `email` (`email`);

--
-- Indexes for table `category`
--
ALTER TABLE `category`
  ADD PRIMARY KEY (`id`);

--
-- Indexes for table `comment`
--
ALTER TABLE `comment`
  ADD PRIMARY KEY (`commentID`),
  ADD KEY `location_id` (`location_id`),
  ADD KEY `userID` (`userID`);

--
-- Indexes for table `location1`
--
ALTER TABLE `location1`
  ADD PRIMARY KEY (`id`),
  ADD KEY `fk_location_category` (`category_id`);

--
-- Indexes for table `media`
--
ALTER TABLE `media`
  ADD PRIMARY KEY (`id`),
  ADD KEY `location_id` (`location_id`);

--
-- Indexes for table `ratings`
--
ALTER TABLE `ratings`
  ADD PRIMARY KEY (`id`),
  ADD KEY `location_id` (`location_id`),
  ADD KEY `user_id` (`user_id`);

--
-- Indexes for table `statistic`
--
ALTER TABLE `statistic`
  ADD PRIMARY KEY (`locationID`);

--
-- Indexes for table `user`
--
ALTER TABLE `user`
  ADD PRIMARY KEY (`userID`);

--
-- AUTO_INCREMENT for dumped tables
--

--
-- AUTO_INCREMENT for table `admins`
--
ALTER TABLE `admins`
  MODIFY `id` int(11) NOT NULL AUTO_INCREMENT, AUTO_INCREMENT=2;

--
-- AUTO_INCREMENT for table `category`
--
ALTER TABLE `category`
  MODIFY `id` int(11) NOT NULL AUTO_INCREMENT, AUTO_INCREMENT=6;

--
-- AUTO_INCREMENT for table `comment`
--
ALTER TABLE `comment`
  MODIFY `commentID` int(11) NOT NULL AUTO_INCREMENT, AUTO_INCREMENT=38;

--
-- AUTO_INCREMENT for table `location1`
--
ALTER TABLE `location1`
  MODIFY `id` int(11) NOT NULL AUTO_INCREMENT, AUTO_INCREMENT=11;

--
-- AUTO_INCREMENT for table `media`
--
ALTER TABLE `media`
  MODIFY `id` int(11) NOT NULL AUTO_INCREMENT, AUTO_INCREMENT=237;

--
-- AUTO_INCREMENT for table `ratings`
--
ALTER TABLE `ratings`
  MODIFY `id` int(11) NOT NULL AUTO_INCREMENT, AUTO_INCREMENT=13;

--
-- AUTO_INCREMENT for table `user`
--
ALTER TABLE `user`
  MODIFY `userID` int(11) NOT NULL AUTO_INCREMENT, AUTO_INCREMENT=4;

--
-- Constraints for dumped tables
--

--
-- Constraints for table `comment`
--
ALTER TABLE `comment`
  ADD CONSTRAINT `comment_ibfk_1` FOREIGN KEY (`location_id`) REFERENCES `location1` (`id`) ON DELETE CASCADE,
  ADD CONSTRAINT `comment_ibfk_2` FOREIGN KEY (`userID`) REFERENCES `user` (`userID`) ON DELETE CASCADE;

--
-- Constraints for table `location1`
--
ALTER TABLE `location1`
  ADD CONSTRAINT `fk_location_category` FOREIGN KEY (`category_id`) REFERENCES `category` (`id`);

--
-- Constraints for table `media`
--
ALTER TABLE `media`
  ADD CONSTRAINT `media_ibfk_1` FOREIGN KEY (`location_id`) REFERENCES `location1` (`id`);
COMMIT;

/*!40101 SET CHARACTER_SET_CLIENT=@OLD_CHARACTER_SET_CLIENT */;
/*!40101 SET CHARACTER_SET_RESULTS=@OLD_CHARACTER_SET_RESULTS */;
/*!40101 SET COLLATION_CONNECTION=@OLD_COLLATION_CONNECTION */;
